CUSTOMER_ID,y_hat
4130,790.7473803417024
4150,3300.065970124402
19181,8838.8956384327
2595,1680.4631297616788
4513,264.773193538711
6794,2330.214285484676
27976,3046.5583104311418
17457,6233.623372880588
15413,8960.719938222319
27002,3087.7127195688554
11368,3644.3222814983283
1098,5478.097731320501
15206,4478.260614123926
23350,3326.80770598069
15329,2607.163385956931
29717,2608.6358578003283
17629,5605.715736205966
12846,4586.297402381323
14609,4563.145753452222
25281,8840.384423589374
14775,4186.775167486232
10906,14322.837063062154
27231,4027.6111018541587
29419,17449.352799280696
22636,3254.0601392490908
8158,834.5278835254403
14622,5090.04734238376
6006,2682.4579610985547
380,4857.265141415902
2363,36050.418248099864
7426,5024.670050551211
728,12079.752747364531
10494,5172.900615298564
25568,6989.938440231533
12681,3032.6281866443933
14353,3354.7313575686494
19531,985.6428463304937
28567,9948.926046898592
23895,821.2630119966198
20954,-601.678447249617
18981,6439.875614081381
19750,-1945.2253858258898
22508,4572.404923224914
13398,5267.229860624017
11681,1216.6302989127216
6730,9897.653026312422
23372,-612.6691952934314
4174,1672.0768571142653
12217,3553.2456531204925
27597,6304.952429046519
24155,3320.441813449029
23528,6648.723378640944
28064,8803.770438120391
20058,4407.3182663695015
1917,2469.3913798714957
23767,4253.667282120816
15143,8526.145581002347
29694,2734.06285772096
20596,11660.379471755474
29387,3931.7548165782246
10691,1958.0057595580656
8153,-4957.254589487407
1031,6605.7943607903735
1405,4399.860126597349
6123,1674.423616997104
22960,2418.0394276687366
12647,2337.5294375569874
11369,2347.939122432391
29739,4433.591683360409
8912,3387.314737498864
18777,22322.456471147547
29454,243.1975410001187
19695,4343.939418852344
17541,1730.8215946592782
16399,-414.7039036317492
21973,6360.553707914266
2476,2632.563642987673
9376,8506.14119086694
10109,3225.9773422452663
17709,4422.230681300008
26950,-1532.5212903744468
13360,2055.4097634619757
21492,312502.19090375677
1748,13461.558989696776
28746,12660.57054317565
8314,5917.027104646618
28319,3498.6257475349657
17114,1725.877136183627
9320,2057.9288671779877
14322,5478.406787284751
15500,2654.4365881676176
19220,7339.592203360416
10566,5341.962430303498
16106,323.8588989111531
23268,1010.8356030357686
877,1074.9649668162374
2731,8298.982072643052
19477,4940.989017371742
27340,-2016.6563550080796
28851,2737.391135636457
16254,2274.5742549287925
12402,4891.978994297421
13649,-1080.6171970496018
10400,8773.706021812806
8716,4213.423381719594
16855,2880.8185547934636
8439,1752.035959687034
17375,28391.15085491586
14398,2790.34338606212
22301,4227.4159702639945
19973,-1192.3720514025256
26723,6039.189548175204
3396,7046.873281770396
28665,9226.035567821036
24538,2839.9283207856615
7946,8602.858971720325
6457,7664.4182500759935
24479,2977.5827123247927
2360,3589.2281803971764
3949,5704.080175246522
38,4871.832941027868
14493,-3054.41418111203
15066,6200.5041619554295
19990,2368.4056655347003
11007,2937.2089748619355
14710,-581.8462566965911
9666,2551.7882057916777
27411,7641.958949793526
29189,8006.397147414672
17799,3876.6149016800473
18797,2009.3085538572059
11008,-608.4392088183693
24610,-4076.7343040974383
7008,3510.8873152598917
19648,10736.163930173396
26602,2247.6555343610617
17997,9987.212790486268
21836,8362.261730029124
18228,6285.399845099989
9444,2689.633917702279
26670,3356.7609127366695
17013,6221.437724250735
1159,2338.1797255029805
13694,5853.495227567158
18906,4022.499590849863
21004,8177.43411147692
2640,6787.402168468298
11663,3616.54998603254
28418,4941.271184938784
10664,3490.5492966471147
7666,3360.576490004164
29610,1419.7154145477098
23166,9019.870620054491
14460,10582.562684199864
11055,7295.8810753947755
11858,3049.45723524164
424,1782.059950667789
6501,6553.213660032506
9128,7962.853773360836
4828,25092.811490129563
24051,3426.7023404810634
14419,-1211.3827370458957
18412,4787.821602325604
29910,5137.230482721755
14985,3479.332252003377
14121,4858.288122168382
13813,-1316.5615969557605
22277,2470.626731501665
8850,1824.4376684072622
27930,7941.138093024411
5172,7854.780280212116
8142,5412.91319803554
29467,3887.7336930122738
7695,1149.7713276617728
3908,-1019.3288640860524
2618,3483.2532045541484
8872,5753.592021337206
27861,-6429.870350845246
15648,47175.106412417495
20245,5765.545839972115
21352,-825.7507746541505
27284,18245.027015624673
19737,4473.458304920124
2573,5192.9897742636995
2663,1992.7917162868216
8380,8545.242462907667
15748,5791.533108022038
23360,146.3059143474661
18454,42223.739838461865
3582,6655.974907038252
17128,7846.651347074453
27261,-3876.127634206221
14144,2646.1025833806425
20512,3819.5089516487214
23296,1236.9774020226964
20078,4951.344343731798
19549,7892.710373461458
510,6288.184886431655
24826,1675.2652823468238
14836,5060.278153654825
16528,20324.679694997332
2453,2243.529898365312
5816,3336.141585156549
25716,2406.028013577561
26067,12496.84971893864
25607,4841.872136891476
12398,4716.02530922548
988,8462.167604079259
14176,4210.082504843843
26687,950.4734943490644
9804,7217.1529745422
10076,10380.772088013491
18829,3855.1309197718265
28978,3052.2316013159952
3627,4285.375875765719
4316,5755.488462485309
12883,24422.260707881513
14847,-314.23589382726414
26469,2733.3653484220386
27442,21114.294881696922
25520,14342.07652825841
18,23274.521344094686
24876,6799.573338656234
9152,3923.6730544879565
1158,10393.56627801459
2878,6197.9166968585605
29339,3201.3428807687606
22651,3802.014168218181
5997,5417.118410740531
13739,3466.064785547819
27150,2595.8895076753233
21254,6425.192376970658
80,4945.269040190703
4857,2845.608710070368
2538,6219.174596443031
21195,1878.9274998875198
9950,5463.776667834632
9742,6973.931081867687
28201,1582.590466302544
16002,5673.113039131362
13758,-12855.523503546981
1281,13039.785107599018
6806,1048.1997172521496
26035,2627.3337577184957
415,4296.523330050302
6161,4392.333164277091
2151,17948.936463433365
20442,3318.4404662075603
941,6007.104098821616
8067,-556.2011465618602
22573,24335.087244186787
8353,3638.83405755728
26042,650.0780621016952
21584,5678.709745805434
11658,2824.877398173029
14546,839.1533089892182
23309,2997.252609420352
11651,4394.405602382664
9445,11417.809142699116
8184,3077.641711769361
14317,9214.333444995722
11811,3974.625033793858
20831,7525.165795226253
14740,3460.280561992772
11348,6905.771241093843
24620,1711.3950996367676
27752,3413.0201981469218
14810,6095.841724781722
17744,4823.505392895547
28461,1667.3082262416174
5013,7171.741065074947
3209,4048.0586778105253
18420,7377.736528741933
13802,3111.504844259859
20607,3055.996180989546
18169,3412.635050572846
11559,4268.21744441789
28161,2638.0980979302103
18249,11483.690995064466
13150,4051.614105507938
10785,-1077.1601077065511
7402,-646.8679819666324
29629,8620.508517972448
21393,3189.1480061733746
25567,6677.213788299375
8699,4057.857792388205
20319,6120.602807359736
29404,-234.02372215555715
19683,2000.0755715084897
843,1628.755643414007
14955,1115.8878625702218
28396,6499.848483674409
2229,2728.1256413439223
6267,1953.3639118146439
11359,1867.077392608533
8045,4450.062600300062
11164,2516.9163267988233
22885,189.91492859388927
19043,454.407671876585
18946,-653.483128405981
27972,-6398.784269207925
16268,462.74130828622765
18344,7982.780840143957
14498,3693.1495462001694
2057,3141.7449793987007
11570,6904.225490700616
15888,2165.158408517609
28933,2203.2510668607274
3867,3583.0465053553644
9998,2330.6073342064074
10401,1455.804780575565
8017,2588.632205082812
26230,2434.680761638562
8720,974.5619818586965
5909,2724.923613633425
16232,3331.933742112805
22752,4375.780916635065
6475,5646.438413154024
5382,-6093.8514890544375
10417,3093.941192350114
9657,2839.215326964153
9103,3143.1409233461272
29261,-269.7633509083903
6415,4933.884049055076
14177,7877.828161329252
16467,4024.29521056073
6386,11071.744149581478
26833,7668.086344481532
3264,4578.893988790934
16012,3442.2499553148655
14484,17802.474604069095
20638,5836.583205584585
19298,-31236.688378950435
9650,126.80286246044807
23141,3502.8473614474324
363,6386.860127424829
28548,4506.996150789891
7643,3796.5450894627293
5655,9375.790115768526
9130,7828.317408348977
20675,6180.901456606166
27550,12249.298981935153
21716,15040.696022009888
10294,2020.7307549433908
26987,7655.548780630509
4305,15744.316012137668
7020,53618.66187024263
18349,3779.550786306486
10559,15598.439761196856
5756,3522.0304119032035
24047,1567.2471888615974
25926,6783.811070980725
18414,15433.147022266967
17204,5161.53720281464
25928,12806.566826373102
11249,3838.3507705790807
3610,5736.386588021998
24629,3010.1707168884122
1136,6723.2328885637735
20262,24359.411050033148
25964,37375.57049563706
9662,1745.6014788478697
28843,9963.571411780082
14089,49974.09856979057
7604,5707.369268536005
11034,-950.7784293448701
12561,3283.859464836444
24752,-349.55761643811184
1014,1803.3468924778135
17623,3026.423601717548
27268,3065.213442193497
7110,1863.1334760721247
3012,6085.414759402004
12048,3260.8822634431244
27913,2758.257948197298
25415,15335.521076214576
2180,7416.384251953926
25772,932.4546044530271
5277,13854.593575615734
26849,11891.600273502787
2311,5519.2558912774375
16685,8589.421809167558
25009,-6489.309072125324
19808,2573.9523644042865
9247,1642.074788111483
23118,3298.4609656032235
21484,9878.983300171727
11765,9642.061722454568
2147,8395.90465763232
22356,3393.8578249481516
15297,9159.631518104768
23748,3474.7302788640263
22471,3754.6218637376924
513,3063.034010452563
26877,-906.277667944009
25311,8066.6276482756375
8143,1053.3936745880965
4966,6197.826080220332
6459,5057.978038770595
21444,5899.592295977202
19068,19033.321865343027
9267,5700.595917740735
1545,1910.1987694533736
4883,13226.675753023683
6229,5454.907676004782
13764,3611.5682309338
7411,3713.3039657924846
22046,6149.021315641502
10439,9240.546377446604
21975,12343.034521327641
22371,-5209.183348449847
2934,10508.722529240833
8381,2134.7880785303523
28688,19160.571142362864
1370,3202.192226725657
23208,4134.333578003566
29878,1038.9949676842693
20385,2399.6845761451823
1105,16454.038581191508
19987,1945.978261422757
9056,258.21287971300126
815,4525.0283210223615
1431,5145.886805712845
18651,4035.316187188707
24753,34294.384520080894
7478,3104.210684014787
19413,3274.6991479652306
25944,5660.22490304289
18084,7695.116670901151
15582,15570.564896606451
1731,5501.790698017242
12533,5503.573572555466
29929,7437.208016854917
373,9073.253007040916
9486,1726.0246054999006
20475,6878.577109068671
12684,-10789.30373429519
26622,6368.413730504809
6275,4625.018240308955
15335,7686.572023731812
2623,2824.5622158208034
29625,3541.013084263671
4990,18853.743726929522
15480,2324.8363187554432
9318,7195.568351425182
12764,38036.496871122334
1876,4610.808479372279
29816,1940.21870939999
6525,2639.8588267669847
17391,11908.700204283046
18881,4410.911368788853
23085,9576.047901428901
7219,3958.0609020323127
15145,6373.747717947611
8374,15848.740360646501
17945,6614.05186970004
11420,4473.982112523856
17378,4109.424806140384
20112,4802.738292504914
16550,5293.945722916647
11697,7698.97852727458
29461,3974.583125646782
11343,2919.752866608086
12527,5381.407402366799
8326,7455.861953121018
6884,3684.9287546928836
13137,2268.103080614991
19525,93.80058706815362
15647,23029.00079639952
1464,1167.6947593454483
3345,17362.33729746522
21404,3905.1606415578326
22397,4590.3061051186705
24135,10691.361536226996
22824,3177.331643549581
14394,-11176.213105146391
2980,8415.847308448512
27782,16800.19413478479
10957,15726.207367706997
13068,9389.51448667427
21646,6023.2275739971
29310,1932.2936652921626
17806,3611.5682309338
16827,9413.599129860057
27563,10752.89916333845
1967,-2496.4007251355233
14440,4562.670073671635
10191,3805.188575212187
27075,4304.535118003583
21589,16528.59612832317
15435,4274.065682265754
25376,2453.4498401675582
3333,4861.358421014244
14716,-19531.515205697215
24537,5975.306523407174
17684,62.06309905188573
2783,-541.3654501708179
20852,5630.485650433064
17387,879.8055261826839
26261,3631.7472070584536
8528,4994.442816183964
722,5981.779391598043
26414,1684.3185341124
9462,6827.962279936691
20375,15004.405858757364
22828,5211.06765952106
10304,3663.1227729844604
22546,15677.686034927257
5054,2456.4022194837853
6512,4245.749819288309
25537,2844.949344452164
19998,10542.545546598838
9020,3610.6100087497734
14040,3560.593041391464
22158,-41190.29432082922
1557,10909.048788560358
1700,-779.2031894155966
26003,-1344.2928154597819
27359,3024.4905468507795
19918,8908.37421539455
981,-4387.163355902282
4627,4226.4947584257625
20945,5850.850652033979
25961,7749.835437004905
22303,8388.109537841334
27705,120155.75154032094
14028,3129.6158777143837
19905,16279.504051807195
22533,3700.90080371955
3993,3153.231196644382
11175,3276.4837607949567
23972,10988.936217683466
17941,316.13775980343644
12339,8311.563143480947
21837,-356.7126830570751
70,4169.454067275953
18389,6195.1773860484345
16243,4577.586457705856
29702,4087.256908031507
25651,3038.3001152347833
8595,5355.469636337527
6559,2698.3383393138256
25667,6832.5317409256795
1028,5516.150866745139
24010,3109.9965148670826
2487,570.783250943422
13299,3264.5814991746392
22128,2632.2465797001632
11188,7583.060993068934
5973,-766.5084039999101
20334,5653.2238361699965
21337,1923.1091892770964
6368,2008.0674806142997
20505,2506.5134293882647
22237,2304.1518873587675
3520,2694.81554624386
12097,76895.58916059267
3148,2673.532072440479
10359,5640.251461966841
13268,3849.464546805222
27089,4088.072893740923
8719,5388.793501956936
18199,5449.989566421111
4946,6056.753269928674
10946,2337.7208875286397
6096,7668.052194593626
5298,4204.602230317796
6363,9506.958398537718
6156,3974.265858078561
24982,4527.8339231180025
13352,16515.22592734577
3215,2567.672493277789
5212,6130.564940673036
24686,59380.44515985899
7801,4793.706832082505
879,7581.502033256288
23401,7575.1931287233265
1331,4253.441833457683
10434,8815.427284361027
22070,2473.1222427777284
11847,3520.6480103107306
10491,7607.4046286119765
24232,53120.97079384079
14889,7813.0917258564305
12440,14.675341677187134
9239,-6881.500003065504
13680,2280.359953780254
25447,3057.452551469575
6713,5517.032911760297
11216,2661.0935351426406
23348,4563.259602822801
18955,3083.4168834344746
7483,9001.579336772178
8704,2204.316130066395
27468,14319.525112138508
1556,5848.262160836471
19956,6417.201384688636
15471,2444.094913247728
29689,10461.942439718954
26392,163.09595843156603
978,1752.9471699944152
17971,22245.43099113769
14034,1123.1500286442133
21881,-9852.932364645809
12787,4932.923964312618
2002,3274.576046353809
10697,3617.8085483225104
10801,2630.772334235987
22607,4137.693809380141
1630,6015.372928030824
20148,4650.7247305095
27135,6876.624916360778
16658,3983.772779085133
18240,8702.502719364285
26307,-1141.879288261639
27898,36145.357305366706
266,3264.680091290139
6064,6646.004688172677
4920,4417.982016568237
26421,3957.449063302289
16797,1618.9228052377775
13385,4098.38700664362
1113,22499.49523113392
27446,13378.239637665672
22514,-984.0006718477632
11463,2970.0365530450517
5474,-936.1091635983012
28965,5069.116595401873
3251,15748.822775039549
15319,5841.980420046814
23497,9804.940350253633
544,3954.6734821655546
13006,5449.277096685965
2486,2080.0189180378775
21789,4995.817692512787
628,2999.3202657973143
7066,9330.656635847015
29818,21655.851968667415
13576,3464.0624474972456
26124,4130.042800140089
14764,9248.377619188694
18893,3362.7808059338513
6058,3676.9525975200013
23235,4016.6496746046896
17819,7121.967937223951
29985,8289.970435338113
14403,5411.288107964257
23634,10130.005524221218
27343,4116.636163640337
14919,814.6035672582711
4926,475.9006623601763
5288,3059.2251715575303
1132,17522.873765177697
21170,9475.359172047793
11017,4071.189237691301
14234,5917.006668810939
17417,3410.901942687
20085,2801.7372183548396
11428,2330.2844184650194
12240,7055.329446033994
5759,2601.621346483709
5041,4119.94661720901
13842,6730.313606105613
27079,7053.22896996566
7586,1242.3816714737318
28022,3752.105290412862
4992,5438.5610631282725
7184,12736.59230915604
19747,2588.838364989523
28468,2120.3506544647753
13691,11848.102243164918
15854,4659.05988730572
6508,2269.2837288503843
19058,7044.294950449427
26647,15564.24202210621
16932,2643.416756640312
18991,17821.901659659456
2859,2852.504780596155
24817,3064.8799686308275
9781,-1465.569895033212
13454,8738.641393317052
11870,10054.19098960658
9450,2606.251102025193
19694,4645.010759076918
26054,3716.286314479993
19940,6429.835797326027
5207,2970.287622463449
16570,-631.245546660326
1157,359.19112577354963
24675,2297.986197703046
12347,17489.6376307636
15027,12259.699811238457
24523,10988.295351564957
1036,7303.134795412311
22269,1164.4655177965133
3685,2421.2801577242963
11062,8411.586637118708
24023,13433.9363443045
9637,1587.161439668379
5093,3453.6499440963144
20424,8586.353825651338
16322,4369.52669132048
8236,5328.09477733976
5467,18364.857473741933
5508,48012.70555909208
21748,35320.467383098105
541,-533.9279316149023
4032,2914.125536873298
14951,2098.7452300941623
13497,2914.568548390762
7195,9604.295091436335
11698,4153.455003724976
11679,3284.561037720755
24716,-92.42785855316379
11867,-242.23420351060122
3284,21720.158441878426
17477,3724.2630701606568
18177,2920.0319521544634
24103,-7670.439199904675
16127,-389.2501806354537
7967,3717.452633817329
22554,-548.8223689685178
12604,4446.403543803608
9919,2724.374153731552
11645,5208.007509100655
15686,2697.1949663207224
24544,5029.803161016715
15152,2337.8415119524398
25417,9939.315592824041
17357,3815.529116529331
3518,3006.4735595003704
27637,-258.462392431783
5434,13814.41791004601
2704,7484.604027606195
5122,23146.390893799293
7572,3116.7145657141227
7617,10460.463482305764
22839,3530.035021192247
21271,4497.510184601544
21524,6377.2205640722195
13113,898.4075551239566
20731,3079.653142448855
813,24581.234613215314
19855,9865.3765107324
5566,3272.5136428558444
19216,16308.554431987686
27997,4474.533658987756
7222,2286.2826878333417
14533,4167.100773078341
9018,3419.9644569803513
6499,936.1410270564102
3876,4247.86497685986
7889,5426.85224523409
21154,2038.3220852068816
24782,8789.54510721481
21565,11431.859105042153
4054,6033.618087070142
8547,8207.926160636165
25649,4295.340189011656
13478,10802.045791602952
834,5095.089872940492
534,288.1703427498451
24981,843.4911297862254
26020,16208.0933656634
22886,44893.7286663059
11888,-16778.504866613137
22184,5996.281097276343
25573,5910.518477609056
669,3962.918269360288
28327,3157.1548860202665
12327,18545.509693056596
16662,10252.67622859708
24765,7716.723254060379
9289,9138.274890993445
22710,19924.185849271507
26695,14388.580972841442
16496,4464.648439527097
20750,-1348.4162796845367
28727,4003.2242031502683
9008,5414.379334087759
16612,7279.352612325522
18561,61987.29110066924
4272,-475.70687005604714
25685,6119.488576001312
14881,33913.86249674034
28890,12256.53244368363
8286,4940.995059282454
5089,2524.6433900390048
16460,16940.787559569082
18346,4078.892770465368
25052,-357.6971956627499
1285,4370.776973790115
21273,3367.2314142595615
11568,8281.197478398546
27059,19405.98396374932
25432,21.77399254536158
18153,2876.895143986543
18874,-1770.3236427272318
25792,6174.465592908752
27988,1945.3739237496657
22423,872.6293708981311
28631,1657.5646414925018
10459,2176.4838431019134
22847,9317.366966206107
17091,23217.00934821554
311,-1767.9386774270724
3093,7372.265932438669
17113,24023.073590109267
13894,6531.039241169802
7097,17298.927430455715
29679,4034.7541187005745
18333,12963.371062382808
3625,4470.828352036176
15718,7813.846406195941
29595,4011.5782601873207
25881,7627.285145643323
11962,3732.587165220486
10288,3385.1975722486304
26044,5928.514370694628
965,14069.336054008945
16666,5547.74616541562
26447,6566.570118834142
14768,3110.0309348656983
3931,-9325.547348748274
29742,-86.3012063133765
11579,3260.4844379186825
24322,7119.771471555735
13463,6754.599316909566
28608,4788.556242897049
154,2311.4263966029785
3224,-154.8259962279235
10556,-557.1547384760634
7812,7097.539870567273
25467,2202.1548595449303
2833,9777.804308841489
3652,6161.3815411227
896,2885.4546252136843
22183,2911.5833579135824
19783,3439.8928658443065
15856,728.6145967866723
1936,94493.35059348664
27814,4069.2287252230917
3130,6539.781735080344
8080,12220.798554807901
29622,2029.5347644755293
23950,2674.678729694735
17017,2688.085949947743
28210,3584.087161638153
8700,12523.06118317066
2503,10450.922379011576
3021,6638.417192378002
11976,8438.310989474856
6159,3853.606099507172
4988,22283.28353472868
27645,14847.960148406095
23830,5537.643493520238
27541,6489.212197485914
14590,4127.658801075081
20288,6206.169526018525
8765,-11629.0595063951
1471,3920.3642132672567
2579,2339.654127136154
2247,2223.2684708193347
9279,3114.0226018180865
16750,2745.683082694164
4900,3508.6895734469
19617,42076.94956901754
2128,5426.85224523409
25141,4807.200865930155
10887,3300.065970124402
5614,3294.3683428744826
26782,21820.866648731902
28984,1564.732254653527
4886,7104.316112711877
2203,-1529.945705526537
11417,10450.591947748999
1139,3819.4003202850454
5679,16290.65672211691
11102,50881.18937662054
6303,16864.750867414856
19185,1312.208479486766
25070,7854.125644320885
23333,3834.5960224363253
27831,6174.114543764169
27180,4738.097698557857
12388,2089.876627257542
3768,1172.0836974763242
18066,3701.0416396619594
3369,3472.6375087399365
16054,5426.85224523409
27024,3448.6142575841704
26100,2702.995439853912
28169,8744.46897629962
11665,28519.66648994011
14780,274.9608619585206
4820,9133.199612322107
27567,5201.636829112209
14365,1516.627416174565
25517,29869.743589356443
21950,27.911223407071247
16647,9531.834921633475
16143,5002.218642322735
28016,9611.163711048164
4145,-132.6443844279247
14173,13711.078760408596
7655,7450.052570558945
12342,-1881.9743908443554
21753,7764.585747936758
5070,2404.156022416073
5843,7050.182496533528
22335,6431.318725559172
12421,8015.053625581469
19658,15090.94167468898
11123,2541.784354675855
16170,-9943.759746656386
19981,10849.987635843383
14452,9512.052186662633
16756,1867.4756167072774
15131,1564.0845313564419
12382,6399.031843685362
8590,5121.959827942544
17469,986.2222386340527
1416,3760.359107836156
22061,7020.509527322086
18947,19564.4206975338
27380,8845.461730255622
8118,717.2056923679465
28156,3380.9066099076963
24054,1698.3344757266195
9369,4860.641951369896
5745,8738.48086965673
3267,8070.236577859804
6580,7279.512189181681
6651,3858.3201705472393
2426,2751.3027940351103
20687,6016.151788544591
28919,8996.706888671579
19232,2018.0105799769854
8634,2038.3220852068816
11672,3510.136896951957
8290,1163.6815953819714
20219,8969.354611427112
10062,3712.8271910375215
20611,6253.282971980733
7429,3354.8215881138094
23946,3006.4735595003704
16422,8301.237610756674
16574,3282.298620935101
11896,3508.678120904029
23993,11560.139351569993
6828,5961.574513570816
19706,4769.088945338414
3231,-640.4460078652326
6081,1784.849942120084
11157,5209.164000745086
12044,4613.176639708117
6104,3071.4691739573855
451,4322.573532062865
11285,2489.2637763885987
4342,8501.161568696669
29439,2350.3782206263177
10228,17578.057421340618
22938,2397.761655763221
26698,2354.2302551460816
15620,2933.1512697579647
13546,6443.563513166778
27149,4406.986072913258
2339,7777.9207344074375
13594,29.441210120204232
26362,1890.7343009954202
9701,9079.50264022118
21338,13304.156679005886
7738,3363.6406515440385
29950,2285.029624824757
27409,910.1829471870669
271,10713.167346918872
3834,2911.954856758998
1423,4971.232490695564
19193,2803.896826168997
11266,8915.671300764141
28367,10022.703695226486
789,8935.251730589025
23325,5428.802390010301
7398,2642.287889008803
26819,1758.9475398573395
12385,12230.79071118835
8198,5082.358539537091
3893,3150.9145079223554
29727,5115.349984424692
11021,4787.349647824254
21669,2870.7304950319694
15741,25407.505193643505
1737,7736.827092417067
5498,-787.3653599633521
22011,4870.202327658476
21842,139.50991192010133
23735,6178.699207750055
28188,4491.09588742613
28331,4862.319688236345
361,7840.196205394258
21119,15831.075412996553
1161,1905.3532512174615
12758,1765.4773633794248
12851,1685.281269793425
12233,5321.459837571075
18137,3712.7090996485485
23213,9169.84634396074
26973,12454.611330355343
17437,857.5107002837135
18676,1675.2652823468238
29505,3653.6105483760803
8483,8894.048813621568
28916,14684.819572905282
3843,4196.765736587592
10078,3220.4432786127018
1412,18175.59208417766
23713,8433.001420099503
16506,4849.120444658911
18440,1034.7100441801485
12475,2731.6899269583637
16698,5290.338835608275
557,-157.356005641891
4767,22557.356510692327
28489,12178.562306382504
5932,-239.54962680740482
23998,9541.882048622268
14867,11879.438006414322
29212,2132.7963849432
5037,7646.646733111828
6670,7085.256531259135
29745,6279.5793505895535
5864,-5341.07004283664
17637,8488.899067244209
4255,2383.680558357484
15532,7278.3343467196455
21305,4701.112770444503
20857,39763.59810168151
28153,3075.045283540747
8397,5426.85224523409
17367,4414.442115703472
18769,5090.21493399918
18291,3355.4946536527614
10260,558.2659094354531
15984,3529.122687878492
16877,2825.4837419326977
4035,-1497.7392599092855
14579,-33375.209043080744
9635,2835.955044488086
9032,43973.69806816406
11221,1979.202869147458
10692,3248.5114280737425
20592,3806.9545468793376
27418,2549.782517007062
14030,-12762.405497112184
13872,3830.5407772498465
7297,1442.6382687118858
7984,4001.2751041422707
11871,-13131.109959128531
1275,40463.103980216896
15299,6821.736878719755
29379,51.91657534032265
12111,5532.926167391967
21067,12922.829514440411
25673,1867.3293383533828
26297,4066.8684999221377
1369,9698.457341781454
9277,6333.002243046541
5862,3808.8983367109904
2792,3408.11385754402
11087,5478.406787284751
15386,-582.8318436054153
14877,3971.3029844468883
18284,6620.048105203562
23313,2876.9620823912464
25754,-1297.0660393005826
493,18657.830757286698
17644,3237.071129876763
12425,14879.042794400706
29633,14926.02139036106
5175,2454.4453943041744
21210,2999.8085657016454
29376,9167.449411051875
28591,364.59557423375736
17162,1018.179417286547
4643,4721.526247637952
16466,6018.165910885876
14571,17436.42233372609
16397,8899.392041436626
1210,4128.810728805681
14613,6084.531796308284
22632,9003.863633386463
24440,2104.1813214293607
20130,6503.271387378186
3771,4731.051746399117
12253,4690.331287596192
9249,5516.004221600615
20649,7933.059187174159
28336,1224.0048328624607
15874,5806.329261942191
22941,8538.380281008544
10423,8289.067355357562
1302,1283.2573644441595
19681,7416.275647467751
20405,-710.7791293382438
18473,5430.702279110357
9676,5574.9372410742935
22328,9220.659776310757
2280,4398.099002006443
22045,-51903.252842935595
16947,2117.4069957994343
1721,1966.4499085634152
3171,2053.599116007247
23046,3625.3651697249634
7042,17731.944369737845
17122,3201.0556989853294
18372,15637.190852149291
2474,2908.4089712300483
14659,30430.66634111494
21707,5417.209980376885
28448,6758.521767147587
15077,5478.406787284751
12746,690.548355477852
11794,13526.57788191973
784,4867.691763756255
21528,14047.623755503664
9095,2875.9281142597256
6751,3559.496599641542
1385,13450.094869036628
17178,4396.2406351148575
14096,3790.608531168097
17719,8869.654174312996
6293,21134.517064898664
2556,8597.536226834909
16856,6649.215272951494
25448,5769.010483608541
12248,7420.227045571909
20535,1779.2610645881014
10379,741.0412697675529
16696,4555.397121653582
16059,811.6011778724956
16374,1934.9202263825364
6793,4024.567261016142
18027,8680.831693180531
17157,4916.4375771540645
6605,12794.034257712225
18030,3418.410853641123
15451,9563.781853567114
28243,-9728.816119989442
12886,6726.2895698096045
22324,14270.60544195573
21872,2079.516540496207
5184,6057.83709535401
10726,49379.622637880835
11392,8230.506499963463
26293,12834.2351615699
4480,9939.984819813937
15411,5049.723661713061
15541,5856.143377244635
5363,2718.1839767235715
5913,5388.150666917671
17937,1731.1728968673551
23945,14754.245799091324
22536,2635.609618977137
3870,5306.707305495903
886,10213.241204895221
22256,13131.913352499509
27899,3609.251235525736
28799,5331.5440110694735
2107,6944.253734387904
14940,11561.824993035898
25608,4855.8540865431305
11873,11457.022616578412
15796,375.75002810443493
21395,8174.752035832272
8446,3473.867343394578
18377,6670.769269409929
24414,3519.2747265656353
14561,3924.2297693430965
11917,12768.249467509424
24025,4789.524563682905
13044,6530.197254546986
9859,17686.259709187092
12220,4231.435052683937
26329,3352.5960214189354
23301,5323.579954221989
17109,3318.156734590103
14500,6757.2183046175405
17398,28645.801891872172
2990,3237.6952460425155
7307,7734.71327611538
18465,11389.376874609829
18398,19956.991913284124
11850,4394.064697147181
8088,4672.7092644204895
24988,4835.999445012651
6228,8080.677660363765
1867,11075.564059865777
18967,3750.0885951615583
14612,4591.518585151098
4078,3586.6735521362625
29435,4602.726149090339
24006,529.8784557185404
27465,13586.953246513494
8806,466.8613317614245
16555,9458.728771176367
12208,2801.4843490431795
13486,16595.103896660796
29726,6294.043605290711
734,16105.78287284638
16985,1347.2823812374568
4493,-589.1070199675728
23900,3021.3717063432587
14646,8048.1432347425825
12897,15687.644165071451
22362,-11.59766652268354
10066,-26597.878392232346
15452,1473.4679643499885
22208,3081.124999728102
14446,4147.198510131205
13973,2755.1352248388384
24810,5835.731612736864
23995,3665.2707115971525
25055,2947.5228950673145
4419,6537.212454933241
27234,2213.6994839154095
6473,1056.5660322917352
16439,5512.215613851528
27264,3648.1788017277386
29665,4529.721280416709
23070,8722.508872368497
187,39516.76896603493
28858,5312.605603425526
4196,12643.919586771182
3363,1547.4818459052076
26113,2643.416756640312
29112,3922.494319962775
650,-2575.51983948565
24599,2843.3117087986293
4579,2592.957108337813
2223,7610.147359447249
4236,18107.04744691404
4114,2376.2453037245295
18935,2728.966894350943
7958,14165.343677648503
5417,-5368.458797759721
7716,5679.726870647478
28287,10509.50681476916
9578,-1696.0172877073921
68,5544.857760977972
28797,10963.115000272144
20865,2464.340718284895
13092,7794.796258926245
19771,4475.1210456088575
22820,3304.715885743847
24832,1675.2652823468238
8343,14283.037539118188
974,4990.02408694775
25738,3580.0447816836577
4239,5913.4419164724195
18625,20854.2977513941
4376,18931.18521899674
5055,5249.78989600981
5989,3187.2894464253086
3613,2118.900908654322
21306,8667.813216520972
2763,6238.240335678379
9770,1804.5388356160774
5545,-3119.0593537678196
17751,6891.782410149891
12865,1402.4504489783421
6198,5234.882844587361
11456,7930.310579205291
29840,4118.941355686416
3677,4106.039202546091
13627,5839.236042229118
1407,4998.795869401059
6115,3252.1177972553605
11116,2693.580404735606
21225,3710.8505168984675
4256,5870.282351190422
4123,4703.928615930039
6590,4681.844532083719
15154,5060.424050936478
28928,50997.12264978079
3435,2682.5891165148614
17998,-4108.33830834177
6434,4734.145136969815
12493,2705.6586535123633
18811,2882.3946205687707
23281,1817.1781083296437
28018,4497.92051659462
14711,5414.601641563009
10032,-2397.4066925892275
5990,3483.4423121437976
28130,3616.188251830209
11190,4121.753597328036
26713,2283.171083367084
29103,10518.459334866991
20631,9831.746279637548
13849,1840.7864312884258
16373,7574.587616638607
10489,3615.8510792897705
15684,13887.197476292873
22653,-10224.556930939258
19199,-751.0405858395693
16285,2635.487986113061
13476,7836.989305465063
11001,9045.985898266805
17906,5914.840728952567
16900,2142.7046751980024
10994,3564.312165295957
6971,7093.662963977785
25938,5848.532772325626
8693,1402.0637193436182
8742,3093.8517142367473
1025,4213.7156401344355
12479,429.53514334880083
6996,8346.200736869061
28690,2895.2838738300625
16492,9305.912665935542
19069,1917.9996417174607
20975,3277.0474736114165
22633,18501.452518357335
9547,2036.1175103047526
13886,5478.406787284751
20671,2602.646167037865
281,4805.179671530893
4653,1593.2283173479664
18246,-135.62177060760223
13196,11402.78786509793
17900,5447.7528562116595
27823,4557.157478539369
13374,24692.369803775746
1414,29118.487490877767
3173,10827.142358485024
29030,2019.037716534228
28338,3753.378290470203
123,1522.5002565494606
1397,3755.4518029820256
21101,6422.265196811969
27531,8565.84916640351
19610,3445.4411248988918
25765,7931.071447998002
20691,7200.383687691999
23181,144.75648454423072
27713,2445.9433804152477
28120,2388.244104473615
11574,9389.620256802827
20400,12935.781386392537
20689,2185.7767750723797
11344,1995.8346078600334
5930,-550.6593571630447
20595,4900.851808713426
22733,3228.1556155904864
27450,6830.995668952143
2385,5049.478549212339
24037,7854.783089389116
22159,-904.8634892370196
28055,-3255.89193092642
5278,6641.85771603589
28462,-1309.7394888692222
16657,61047.530900861675
22647,5205.796884122377
27856,-4861.984982845047
26151,2444.4522748067384
1437,-289.9308910651662
24611,-828.9038925524437
130,3192.8025896998697
9959,3527.09574202387
18783,5821.946775994872
26779,5792.745685634073
14706,7165.896086714499
868,9330.270205195764
28423,3661.6654990216402
11933,-3172.9740624532224
21523,31028.718668626654
26917,5166.817732388998
29778,231.85757712373197
3127,4294.343454483603
4650,5935.94643231212
14202,2741.3681378319925
13567,-8690.477584478176
18654,2918.0291357196047
19902,3352.0975297255345
4351,5031.615797789621
17562,1516.0445526290955
23758,5610.505320355523
22210,-93.01077242066867
7121,7884.725464522161
25805,42425.80453088035
6342,7772.8060229058765
22450,3663.1227729844604
7981,-669.7331916461617
1926,2372.020134992539
15117,2752.190281374247
6584,-551.7018440517672
21995,28612.974956355818
230,4362.3019489196895
11091,10897.64611346573
26785,2319.0289465981377
22994,3903.742219185586
3422,759.4080447185397
11661,30949.882439667246
28085,14961.033430490985
300,10100.767887017177
1131,2256.484544533919
10443,8926.071471431162
18129,2486.183784329268
28041,14910.670487400963
25133,1994.698476260629
9890,3938.9178673514316
10018,9057.333386718787
23245,7496.364209797476
10743,11045.534783679672
10934,-1601.4080970822638
29619,3915.2320610102606
9957,1023.9181513240878
25342,2546.4173654702545
7290,524.5693108206219
22141,8007.955319491205
29000,4457.178554473833
9661,6867.552542608918
13956,-23948.090183187593
2418,11537.756982199651
23373,8414.03634804675
6846,16665.097960585375
11660,4942.353416167615
17242,6827.946861023388
6577,4806.054530747927
7010,1944.7053485826536
3522,2694.9712986909726
18017,2861.5890278412307
9180,18599.26342361435
13969,5336.160118854105
14057,-964.0705468784874
20208,3343.6627690806645
9648,843.1601632556626
21896,3436.081972969124
8214,-5528.241013590835
28595,3206.6604224522944
7696,6813.8813600281455
9072,5672.274661749567
6602,2039.2337300974332
17048,3612.292909530025
4790,2202.7019739251136
10138,11525.532425898069
43,1553.404682710418
2752,11443.256956901583
22472,6867.987838675398
30,2585.8573959395953
27813,3455.868863916461
13887,7733.685572095469
15547,5325.152911728139
4734,7382.787273041106
3022,2453.309152462255
27502,-127.4507555094051
5479,6352.069764868206
2045,8371.832539483414
6968,4969.070731687582
22500,4450.174526035048
14838,8689.735099740454
9484,6779.960902335745
21866,1216.6116548676737
28630,5969.035283700962
16129,-4097.257252837875
13527,4693.993563875955
20534,12377.942577496651
10988,2429.121762168673
9600,5273.426812194572
28889,2125.5173854051627
4598,2491.795513679199
27850,6703.806516713618
8994,3287.3012259052603
18841,-23136.99817386626
13197,3943.052303168204
1573,1536.0236502675225
21643,2408.7162521140144
963,4281.131653036121
10799,4689.269682784253
21002,368.1211485229419
20364,-679.1422698348888
5743,-1489.9968426711703
14051,2709.388570534228
8501,6505.205626573478
3796,1598.0903378943108
19945,3769.729178406875
6060,2082.8598341558363
28913,165.07368057984377
9112,4375.785703136332
27295,3935.7953038179794
27825,3320.544759818804
25787,6655.989680938356
10362,5449.26660951192
23529,9572.746688019222
8348,1759.4368784309945
27829,5349.444455659812
19778,3190.0971375296594
19907,10742.782643147424
9990,9407.039976429136
26388,14778.755805042441
15217,-1220.9307559843055
4546,3718.3146886155246
17840,3564.278267837123
6407,2760.48878328755
6373,3248.4685487289325
10411,237.0867920966939
9482,25938.379316349587
11409,1869.7688618776265
29081,8779.967180274285
16033,6836.717576487218
9683,13011.69601870194
11289,-388.89389420379894
25919,9161.940356758863
408,-553.5277457872676
446,-820.2225544549729
4750,4863.416661233988
14343,14493.29704747273
1561,4878.413163920256
8612,1285.1462367172644
19618,4826.336770755678
28663,3141.9545349830523
16629,9615.051084155537
3274,6993.9921763550765
26357,4622.458214928736
13349,2278.1292911132214
21651,-444.7206597408467
14755,9.15420328287746
20669,3307.050832633886
638,5596.933153610978
24437,-192.10675516798938
15839,4587.00099860138
20881,5965.371144415082
25403,1986.6442949098873
6145,2352.998208246967
16185,6755.189296047242
14541,3761.3547730807923
14826,9958.387203154209
21835,3663.1227729844604
22841,4354.768702582249
13551,15728.443057466651
29051,4233.249067959617
6441,7268.889190812674
26513,-17364.38088580749
9590,3900.14263200858
4105,1312.208479486766
10272,-12130.730388988643
18464,5997.8826674085185
6532,-1071.3531171158395
20435,-1565.7941512378231
26341,4402.832953773367
3191,-284.41980215857393
14207,5606.181466148149
26265,4593.609990715348
3147,504.4669145923235
15355,2310.3189551239566
28864,1797.68687521211
27065,10567.83704526809
16519,4502.422724214627
14258,2446.931466089747
7985,-543.7599956442593
10316,8357.671064838825
21897,3887.5599293398946
34,3288.1370421290812
17206,2538.9146928146465
1747,1632.8632976965264
16969,9299.77947417451
5373,-640.203182097486
13968,3166.864769048995
12653,4099.60786064663
24573,-3700.200568164749
961,54286.839419779135
19198,2966.9773556418495
22786,2280.8635833919225
9796,1085.8434473309635
10259,5787.221458761788
21144,2585.097270706893
26215,321.90629400904027
7554,7650.056893979871
20115,3873.1263011286346
26796,8687.603634468534
24739,7180.155830675853
13162,2901.8310381088713
27947,4547.749513811638
16456,6500.539619460788
3097,-383.7283882906195
6803,2772.0634178232513
8493,5573.4889134427485
8897,4814.357018856122
12569,1606.3414506304898
5411,14829.98666455727
11170,44458.93487293328
19495,7870.972596337545
11112,745.4956341449733
7896,8228.216221867315
11089,5593.826863823504
13791,2421.175622483679
27090,2106.9532140128595
8329,2667.587979609897
20052,21976.27168860896
7501,3335.713955625015
1887,5331.460689197539
5286,1757.6823962104827
26570,758.4453503996865
13500,4247.372851667375
18162,9798.599952463184
226,2494.206190962851
3511,3070.7963741376916
14451,5101.423846915623
20931,6375.891163729585
8506,14809.997282587672
4190,1745.1629108638008
6355,20.4352754163192
13502,6227.450264619437
5453,-16201.932487065395
15963,12812.162196564426
13488,3393.8092895420605
7600,6583.301740861555
11949,3955.2113515326937
4501,1960.475296006909
22663,3479.401526659977
9888,3744.0593205919567
23063,-1933.4457195012646
22905,14041.42994840816
15,3300.065970124402
2331,8017.811175131937
3131,2312.6225350506
22221,2775.3300654612867
21176,12578.768564972448
5371,6224.280501867445
17499,4470.1145818696505
27891,11569.236182494158
16203,-97.03182334836038
14415,15475.424234368264
6913,7398.531838356367
24729,35382.332742594226
16228,-10870.647892167086
17125,8032.45426861859
9793,1433.227413773452
5499,6346.086044718627
10412,7071.028698081201
17103,8517.152297681787
13971,12147.159443165649
18470,34819.48826702017
3875,7278.76785232903
9411,-665.1244550396514
3116,275.47151072582847
19701,11645.206749681038
17401,14672.41067776235
4189,4327.749815319206
15363,4689.9865782343495
27350,5678.95459202615
5435,2215.41777490197
13404,12111.413320595362
17085,4026.179575844518
20771,2910.8744300174667
21621,8206.187229398889
12540,-3067.641281940143
10937,10197.190347630309
10667,2608.7457863251984
26934,4124.396713680006
5032,5514.1606601204785
6703,4684.386434297116
11040,12243.629233278454
11367,3458.6087541435436
2191,2280.1688196739387
26081,8170.119372897135
709,3849.305841809549
9336,9815.89916281779
24883,36975.98434406594
13844,724.9210900935959
19330,1716.1369995328432
14916,5480.748868288698
955,568.7503662921426
29035,7412.238573190059
16416,14861.082392556651
26484,2471.860414310576
22993,11713.508074132078
2592,6379.1831388868695
7883,741.3766052917272
16482,6224.4787033974635
17726,3351.2922852631746
2517,2405.911205209067
12875,5615.259808666838
8189,8674.437844744913
26427,-677.4322627311162
8071,249.36668671857842
1018,7554.513448365763
28651,3266.1797836680917
4956,4546.510719598266
6124,5632.187281172509
13388,9545.442953036418
24480,8192.494780347843
26935,-37516.99188283532
10640,8413.866051777557
15930,14673.288955522425
27319,6213.6242473314405
13153,7248.05211848825
5022,3489.1670397044263
3086,7366.33716111963
4364,1675.2652823468238
21960,120.96720212601713
6424,5514.973937531932
5292,5851.345944322825
14221,4896.724100721202
10725,3087.9478961125897
12221,6447.377758348956
17210,3313.0107563604342
10278,1276.4299930288998
21777,7551.776598307652
16694,1932.4777370166066
23444,-981.2801518530903
7760,19799.503144330305
29309,3676.607797209389
22372,2273.373576871597
11475,-1771.6859225970284
11694,12296.940899893398
23494,7043.5970867923925
8540,13923.277041479581
26199,1529.5595774124936
3271,6632.227848548961
15552,14743.282500645957
2249,-1411.5224725657986
14072,2924.342713140033
13078,3234.046909349475
16303,5092.387918536549
17055,2902.773555181043
25747,4360.443950917211
820,6161.781270002738
13305,17477.946265382612
7921,929.478302813468
4789,6619.229455132318
21407,6498.934703607908
29464,5382.162003828135
10381,6137.149019030006
25741,25009.95144804862
8365,3148.1972546478764
27304,3663.9632978514155
8944,3897.6648266009224
22145,2927.748440439168
2463,201.8506137525501
22624,-1379.0005274185464
18724,3293.787109616983
4423,3802.9745657767135
637,2192.174491721744
320,6772.803623140783
19669,6681.02019840067
20479,9687.460003071275
21574,5731.768929021918
16843,9154.06813518505
25500,2193.43015251455
15689,8768.562402035179
29414,6023.118745283668
25098,4057.740001422354
2132,3585.194753760715
3791,5830.956810482529
2320,-5528.363241100914
2784,47574.32145991443
8836,7556.707794478402
2807,5603.981246500522
20792,-10001.933508566592
4233,3693.646912213907
8270,3432.4379976126284
23394,-11592.575308439893
23853,15971.361445027505
103,21870.54505560918
29234,4082.457157135019
11189,4278.981249576866
29925,5878.363575035069
26811,24966.469164892023
14772,7028.295754155933
25197,3912.4009753449254
27540,-2069.7959661845666
15406,8210.899703205992
17052,19734.159137491635
11497,3032.318834926785
13455,1881.9012410043215
4003,5287.215802039098
23036,1231.0455724983763
22415,2953.3663769207024
23721,15222.42795818796
935,3802.2715798895024
4380,13506.47598400927
8275,18302.583249601365
12299,2282.833109597652
28694,4724.276761324257
19675,2876.849186778375
22690,-176.705090425442
2262,18597.1326272957
3301,4223.466374610079
25899,9783.07452973568
6842,3612.5950173372394
20324,3488.2667945081994
11723,3763.225032074405
3278,-1039.410816100909
29333,6820.403286813059
7629,2309.005611083423
20414,2415.0804016185966
8283,3889.4611596005843
6953,3532.266110715458
17095,40897.42898575404
4589,-1083.7432085481064
12245,-686.7990116303483
3584,-415.9103145978695
6808,1405.6609477774732
19680,23173.494977891572
8915,5273.421924063296
582,609.8472986645029
1216,2328.068727777394
27542,2931.9844599861462
25617,7465.600491363602
13769,4477.251365656115
27416,5082.257914965229
6332,2080.878253168361
26874,4653.454933208991
1608,2645.3731280573784
26339,7172.671867298354
15389,6841.863568632226
2738,11397.334081758516
23540,6154.605672349463
15523,714.2480432409111
10561,3955.6320737035903
11504,4342.436711483521
20478,10243.074779301038
6276,12444.026209188993
16166,2379.822962094193
2688,-163.87383449380013
20519,5856.7273112528555
28618,5108.378338894078
24601,5255.718116634118
3420,9094.664420965586
2090,-5174.635253237391
8414,13032.922544727997
2653,4009.4720975487044
1910,7832.8039408280265
16633,-412.4678669979576
28121,54139.42828526836
157,6033.043842044258
8911,4272.904873094179
20238,18563.92644037901
6704,1709.141792525268
29898,7341.369564913647
13225,10792.067847615206
9698,6894.055788975841
22630,5955.942357765
27368,2847.2505335744027
24835,4226.531313036076
15436,-701.1664237767786
26886,4130.284834924166
9029,7594.373226958961
16128,3457.7480571258084
6449,12934.801435424855
8325,5624.161599045543
7485,-99.77763559023606
23071,5057.748330936577
6098,3990.958109121292
10371,7036.900865110659
28164,2638.653360422937
25552,5948.93599972645
22083,3571.373847795522
13828,2634.752120476993
5582,5908.153707332788
22368,4573.83377835292
9816,455.21193888485595
6093,2062.1374477801583
19803,4930.319249115372
17311,1713.5948768253393
12300,4220.236743492881
23699,3127.6136103975323
22940,15059.644811315065
7032,3410.009720811243
4619,3348.1136707374462
1276,2063.631819948989
16997,4752.293181564634
28833,3579.832136699143
21529,4217.387580963455
